description,industry,level,size,line_code,value,Unit,footnotes
Total number of businesses,total,0,6�19 employees,,35562,Number of businesses,1 and 2 and 3 and 4 and 6
Total number of businesses,total,0,20�49 employees,,8796,Number of businesses,1 and 2 and 3 and 4 and 6
Total number of businesses,total,0,50�99 employees,,2529,Number of businesses,1 and 2 and 3 and 4 and 6
Total number of businesses,total,0,100+ employees,,2100,Number of businesses,1 and 2 and 3 and 4 and 6
Total number of businesses,"Agriculture, forestry, & fishing",1,total,,3756,Number of businesses,1 and 2 and 3 and 6
Total number of businesses,Agriculture,2,total,,2460,Number of businesses,1 and 2 and 3 and 6
Total number of businesses,Commercial fishing,2,total,,57,Number of businesses,1 and 2 and 3 and 6
Total number of businesses,Forestry & logging,2,total,,258,Number of businesses,1 and 2 and 3 and 6
Total number of businesses,"Agriculture, forestry, & fishing support services",2,total,,981,Number of businesses,1 and 2 and 3 and 6
Total number of businesses,Mining,1,total,,120,Number of businesses,1 and 2 and 3 and 5 and 6
Total number of businesses,Manufacturing,1,total,,5421,Number of businesses,1 and 2 and 3 and 6
Total number of businesses,"Food, beverage, & tobacco",2,total,,1233,Number of businesses,1 and 2 and 3 and 6
Total number of businesses,"Textile, clothing, footwear, & leather",2,total,,255,Number of businesses,1 and 2 and 3 and 6
Total number of businesses,Wood & paper product,2,total,,516,Number of businesses,1 and 2 and 3 and 6
Total number of businesses,"Printing, publishing, & recorded media",2,total,,201,Number of businesses,1 and 2 and 3 and 6
Total number of businesses,"Petroleum, coal, chemical, & associated product",2,total,,447,Number of businesses,1 and 2 and 3 and 6
Total number of businesses,Non-metallic mineral product,2,total,,210,Number of businesses,1 and 2 and 3 and 6
Total number of businesses,Metal product,2,total,,1002,Number of businesses,1 and 2 and 3 and 6
Total number of businesses,Transport and industrial machinery & equipment,2,total,,948,Number of businesses,1 and 2 and 3 and 6
Total number of businesses,Other machinery & equipment,2,total,,237,Number of businesses,1 and 2 and 3 and 6
Total number of businesses,Other manufacturing,2,total,,372,Number of businesses,1 and 2 and 3 and 6
Total number of businesses,"Electricity, gas, water, & waste services",1,total,,207,Number of businesses,1 and 2 and 3 and 5 and 6
Total number of businesses,Construction,1,total,,7440,Number of businesses,1 and 2 and 3 and 6
Total number of businesses,Wholesale trade,1,total,,3228,Number of businesses,1 and 2 and 3 and 6
Total number of businesses,Machinery & equipment wholesaling,2,total,,951,Number of businesses,1 and 2 and 3 and 6
Total number of businesses,Other wholesale trade,2,total,,2274,Number of businesses,1 and 2 and 3 and 6
Total number of businesses,Retail trade,1,total,,5070,Number of businesses,1 and 2 and 3 and 6
Total number of businesses,Accommodation & food services,1,total,,6774,Number of businesses,1 and 2 and 3 and 6
Total number of businesses,"Transport, postal, & warehousing",1,total,,1677,Number of businesses,1 and 2 and 3 and 6
Total number of businesses,Information media & telecommunications,1,total,,459,Number of businesses,1 and 2 and 3 and 6
Total number of businesses,Publishing,2,total,,189,Number of businesses,1 and 2 and 3 and 6
Total number of businesses,Motion picture,2,total,,144,Number of businesses,1 and 2 and 3 and 6
Total number of businesses,Telecommunications,2,total,,126,Number of businesses,1 and 2 and 3 and 6
Total number of businesses,Financial & insurance services,1,total,,696,Number of businesses,1 and 2 and 3 and 6
Total number of businesses,Finance,2,total,,213,Number of businesses,1 and 2 and 3 and 6
Total number of businesses,Insurance,2,total,,36,Number of businesses,1 and 2 and 3 and 6
Total number of businesses,Auxiliary,2,total,,447,Number of businesses,1 and 2 and 3 and 6
Total number of businesses,"Rental, hiring, & real estate services",1,total,,1044,Number of businesses,1 and 2 and 3 and 6
Total number of businesses,"Professional, scientific, & technical services",1,total,,5190,Number of businesses,1 and 2 and 3 and 6
Total number of businesses,Computer systems design,2,total,,990,Number of businesses,1 and 2 and 3 and 6
Total number of businesses,Other professional scientific,2,total,,4203,Number of businesses,1 and 2 and 3 and 6
Total number of businesses,Administrative & support services,1,total,,1845,Number of businesses,1 and 2 and 3 and 6
Total number of businesses,Education & training,1,total,,1182,Number of businesses,1 and 2 and 3 and 6
Total number of businesses,Health care & social assistance,1,total,,2925,Number of businesses,1 and 2 and 3 and 6
Total number of businesses,Arts & recreation services,1,total,,567,Number of businesses,1 and 2 and 3 and 6
Total number of businesses,Other services,1,total,,1383,Number of businesses,1 and 2 and 3 and 6
Total number of businesses,total,0,total,,48990,Number of businesses,1 and 2 and 3 and 6
Business experienced as a result of climate change and associated policies and regulations in last 2 years: Reduced demand for products and / or services: Not at all,total,0,6�19 employees,D0201.01,23751,Number of businesses,1 and 2 and 3 and 4 and 6
Business experienced as a result of climate change and associated policies and regulations in last 2 years: Reduced demand for products and / or services: Not at all,total,0,20�49 employees,D0201.01,6435,Number of businesses,1 and 2 and 3 and 4 and 6
Business experienced as a result of climate change and associated policies and regulations in last 2 years: Reduced demand for products and / or services: Not at all,total,0,50�99 employees,D0201.01,1809,Number of businesses,1 and 2 and 3 and 4 and 6
Business experienced as a result of climate change and associated policies and regulations in last 2 years: Reduced demand for products and / or services: Not at all,total,0,100+ employees,D0201.01,1491,Number of businesses,1 and 2 and 3 and 4 and 6
Business experienced as a result of climate change and associated policies and regulations in last 2 years: Reduced demand for products and / or services: Not at all,"Agriculture, forestry, & fishing",1,total,D0201.01,2313,Number of businesses,1 and 2 and 3 and 6
Business experienced as a result of climate change and associated policies and regulations in last 2 years: Reduced demand for products and / or services: Not at all,Agriculture,2,total,D0201.01,1590,Number of businesses,1 and 2 and 3 and 6
Business experienced as a result of climate change and associated policies and regulations in last 2 years: Reduced demand for products and / or services: Not at all,Commercial fishing,2,total,D0201.01,48,Number of businesses,1 and 2 and 3 and 6
Business experienced as a result of climate change and associated policies and regulations in last 2 years: Reduced demand for products and / or services: Not at all,Forestry & logging,2,total,D0201.01,129,Number of businesses,1 and 2 and 3 and 6
Business experienced as a result of climate change and associated policies and regulations in last 2 years: Reduced demand for products and / or services: Not at all,"Agriculture, forestry, & fishing support services",2,total,D0201.01,546,Number of businesses,1 and 2 and 3 and 6
Business experienced as a result of climate change and associated policies and regulations in last 2 years: Reduced demand for products and / or services: Not at all,Mining,1,total,D0201.01,75,Number of businesses,1 and 2 and 3 and 5 and 6
Business experienced as a result of climate change and associated policies and regulations in last 2 years: Reduced demand for products and / or services: Not at all,Manufacturing,1,total,D0201.01,3849,Number of businesses,1 and 2 and 3 and 6
Business experienced as a result of climate change and associated policies and regulations in last 2 years: Reduced demand for products and / or services: Not at all,"Food, beverage, & tobacco",2,total,D0201.01,855,Number of businesses,1 and 2 and 3 and 6
Business experienced as a result of climate change and associated policies and regulations in last 2 years: Reduced demand for products and / or services: Not at all,"Textile, clothing, footwear, & leather",2,total,D0201.01,171,Number of businesses,1 and 2 and 3 and 6
Business experienced as a result of climate change and associated policies and regulations in last 2 years: Reduced demand for products and / or services: Not at all,Wood & paper product,2,total,D0201.01,369,Number of businesses,1 and 2 and 3 and 6
Business experienced as a result of climate change and associated policies and regulations in last 2 years: Reduced demand for products and / or services: Not at all,"Printing, publishing, & recorded media",2,total,D0201.01,117,Number of businesses,1 and 2 and 3 and 6
Business experienced as a result of climate change and associated policies and regulations in last 2 years: Reduced demand for products and / or services: Not at all,"Petroleum, coal, chemical, & associated product",2,total,D0201.01,303,Number of businesses,1 and 2 and 3 and 6
Business experienced as a result of climate change and associated policies and regulations in last 2 years: Reduced demand for products and / or services: Not at all,Non-metallic mineral product,2,total,D0201.01,150,Number of businesses,1 and 2 and 3 and 6
Business experienced as a result of climate change and associated policies and regulations in last 2 years: Reduced demand for products and / or services: Not at all,Metal product,2,total,D0201.01,744,Number of businesses,1 and 2 and 3 and 6
Business experienced as a result of climate change and associated policies and regulations in last 2 years: Reduced demand for products and / or services: Not at all,Transport and industrial machinery & equipment,2,total,D0201.01,702,Number of businesses,1 and 2 and 3 and 6
Business experienced as a result of climate change and associated policies and regulations in last 2 years: Reduced demand for products and / or services: Not at all,Other machinery & equipment,2,total,D0201.01,174,Number of businesses,1 and 2 and 3 and 6
Business experienced as a result of climate change and associated policies and regulations in last 2 years: Reduced demand for products and / or services: Not at all,Other manufacturing,2,total,D0201.01,264,Number of businesses,1 and 2 and 3 and 6
Business experienced as a result of climate change and associated policies and regulations in last 2 years: Reduced demand for products and / or services: Not at all,"Electricity, gas, water, & waste services",1,total,D0201.01,159,Number of businesses,1 and 2 and 3 and 5 and 6
Business experienced as a result of climate change and associated policies and regulations in last 2 years: Reduced demand for products and / or services: Not at all,Construction,1,total,D0201.01,5310,Number of businesses,1 and 2 and 3 and 6
Business experienced as a result of climate change and associated policies and regulations in last 2 years: Reduced demand for products and / or services: Not at all,Wholesale trade,1,total,D0201.01,2274,Number of businesses,1 and 2 and 3 and 6
Business experienced as a result of climate change and associated policies and regulations in last 2 years: Reduced demand for products and / or services: Not at all,Machinery & equipment wholesaling,2,total,D0201.01,744,Number of businesses,1 and 2 and 3 and 6
Business experienced as a result of climate change and associated policies and regulations in last 2 years: Reduced demand for products and / or services: Not at all,Other wholesale trade,2,total,D0201.01,1527,Number of businesses,1 and 2 and 3 and 6
Business experienced as a result of climate change and associated policies and regulations in last 2 years: Reduced demand for products and / or services: Not at all,Retail trade,1,total,D0201.01,2991,Number of businesses,1 and 2 and 3 and 6
Business experienced as a result of climate change and associated policies and regulations in last 2 years: Reduced demand for products and / or services: Not at all,Accommodation & food services,1,total,D0201.01,3876,Number of businesses,1 and 2 and 3 and 6
Business experienced as a result of climate change and associated policies and regulations in last 2 years: Reduced demand for products and / or services: Not at all,"Transport, postal, & warehousing",1,total,D0201.01,1074,Number of businesses,1 and 2 and 3 and 6
Business experienced as a result of climate change and associated policies and regulations in last 2 years: Reduced demand for products and / or services: Not at all,Information media & telecommunications,1,total,D0201.01,342,Number of businesses,1 and 2 and 3 and 6
Business experienced as a result of climate change and associated policies and regulations in last 2 years: Reduced demand for products and / or services: Not at all,Publishing,2,total,D0201.01,135,Number of businesses,1 and 2 and 3 and 6
Business experienced as a result of climate change and associated policies and regulations in last 2 years: Reduced demand for products and / or services: Not at all,Motion picture,2,total,D0201.01,105,Number of businesses,1 and 2 and 3 and 6
Business experienced as a result of climate change and associated policies and regulations in last 2 years: Reduced demand for products and / or services: Not at all,Telecommunications,2,total,D0201.01,102,Number of businesses,1 and 2 and 3 and 6
Business experienced as a result of climate change and associated policies and regulations in last 2 years: Reduced demand for products and / or services: Not at all,Financial & insurance services,1,total,D0201.01,564,Number of businesses,1 and 2 and 3 and 6
Business experienced as a result of climate change and associated policies and regulations in last 2 years: Reduced demand for products and / or services: Not at all,Finance,2,total,D0201.01,165,Number of businesses,1 and 2 and 3 and 6
Business experienced as a result of climate change and associated policies and regulations in last 2 years: Reduced demand for products and / or services: Not at all,Insurance,2,total,D0201.01,30,Number of businesses,1 and 2 and 3 and 6
Business experienced as a result of climate change and associated policies and regulations in last 2 years: Reduced demand for products and / or services: Not at all,Auxiliary,2,total,D0201.01,369,Number of businesses,1 and 2 and 3 and 6
Business experienced as a result of climate change and associated policies and regulations in last 2 years: Reduced demand for products and / or services: Not at all,"Rental, hiring, & real estate services",1,total,D0201.01,693,Number of businesses,1 and 2 and 3 and 6
Business experienced as a result of climate change and associated policies and regulations in last 2 years: Reduced demand for products and / or services: Not at all,"Professional, scientific, & technical services",1,total,D0201.01,4398,Number of businesses,1 and 2 and 3 and 6
Business experienced as a result of climate change and associated policies and regulations in last 2 years: Reduced demand for products and / or services: Not at all,Computer systems design,2,total,D0201.01,780,Number of businesses,1 and 2 and 3 and 6
Business experienced as a result of climate change and associated policies and regulations in last 2 years: Reduced demand for products and / or services: Not at all,Other professional scientific,2,total,D0201.01,3624,Number of businesses,1 and 2 and 3 and 6
Business experienced as a result of climate change and associated policies and regulations in last 2 years: Reduced demand for products and / or services: Not at all,Administrative & support services,1,total,D0201.01,1203,Number of businesses,1 and 2 and 3 and 6
Business experienced as a result of climate change and associated policies and regulations in last 2 years: Reduced demand for products and / or services: Not at all,Education & training,1,total,D0201.01,855,Number of businesses,1 and 2 and 3 and 6
Business experienced as a result of climate change and associated policies and regulations in last 2 years: Reduced demand for products and / or services: Not at all,Health care & social assistance,1,total,D0201.01,2229,Number of businesses,1 and 2 and 3 and 6
Business experienced as a result of climate change and associated policies and regulations in last 2 years: Reduced demand for products and / or services: Not at all,Arts & recreation services,1,total,D0201.01,339,Number of businesses,1 and 2 and 3 and 6
Business experienced as a result of climate change and associated policies and regulations in last 2 years: Reduced demand for products and / or services: Not at all,Other services,1,total,D0201.01,942,Number of businesses,1 and 2 and 3 and 6
Business experienced as a result of climate change and associated policies and regulations in last 2 years: Reduced demand for products and / or services: Not at all,total,0,total,D0201.01,33489,Number of businesses,1 and 2 and 3 and 6
Business experienced as a result of climate change and associated policies and regulations in last 2 years: Reduced demand for products and / or services: a little,total,0,6�19 employees,D0201.02,5028,Number of businesses,1 and 2 and 3 and 4 and 6
Business experienced as a result of climate change and associated policies and regulations in last 2 years: Reduced demand for products and / or services: a little,total,0,20�49 employees,D0201.02,1152,Number of businesses,1 and 2 and 3 and 4 and 6
Business experienced as a result of climate change and associated policies and regulations in last 2 years: Reduced demand for products and / or services: a little,total,0,50�99 employees,D0201.02,369,Number of businesses,1 and 2 and 3 and 4 and 6
Business experienced as a result of climate change and associated policies and regulations in last 2 years: Reduced demand for products and / or services: a little,total,0,100+ employees,D0201.02,321,Number of businesses,1 and 2 and 3 and 4 and 6
Business experienced as a result of climate change and associated policies and regulations in last 2 years: Reduced demand for products and / or services: a little,"Agriculture, forestry, & fishing",1,total,D0201.02,627,Number of businesses,1 and 2 and 3 and 6
Business experienced as a result of climate change and associated policies and regulations in last 2 years: Reduced demand for products and / or services: a little,Agriculture,2,total,D0201.02,330,Number of businesses,1 and 2 and 3 and 6
Business experienced as a result of climate change and associated policies and regulations in last 2 years: Reduced demand for products and / or services: a little,Commercial fishing,2,total,D0201.02,6,Number of businesses,1 and 2 and 3 and 6
Business experienced as a result of climate change and associated policies and regulations in last 2 years: Reduced demand for products and / or services: a little,Forestry & logging,2,total,D0201.02,69,Number of businesses,1 and 2 and 3 and 6
Business experienced as a result of climate change and associated policies and regulations in last 2 years: Reduced demand for products and / or services: a little,"Agriculture, forestry, & fishing support services",2,total,D0201.02,225,Number of businesses,1 and 2 and 3 and 6
Business experienced as a result of climate change and associated policies and regulations in last 2 years: Reduced demand for products and / or services: a little,Mining,1,total,D0201.02,24,Number of businesses,1 and 2 and 3 and 5 and 6
Business experienced as a result of climate change and associated policies and regulations in last 2 years: Reduced demand for products and / or services: a little,Manufacturing,1,total,D0201.02,705,Number of businesses,1 and 2 and 3 and 6
Business experienced as a result of climate change and associated policies and regulations in last 2 years: Reduced demand for products and / or services: a little,"Food, beverage, & tobacco",2,total,D0201.02,177,Number of businesses,1 and 2 and 3 and 6
Business experienced as a result of climate change and associated policies and regulations in last 2 years: Reduced demand for products and / or services: a little,"Textile, clothing, footwear, & leather",2,total,D0201.02,33,Number of businesses,1 and 2 and 3 and 6
Business experienced as a result of climate change and associated policies and regulations in last 2 years: Reduced demand for products and / or services: a little,Wood & paper product,2,total,D0201.02,78,Number of businesses,1 and 2 and 3 and 6
Business experienced as a result of climate change and associated policies and regulations in last 2 years: Reduced demand for products and / or services: a little,"Printing, publishing, & recorded media",2,total,D0201.02,51,Number of businesses,1 and 2 and 3 and 6
Business experienced as a result of climate change and associated policies and regulations in last 2 years: Reduced demand for products and / or services: a little,"Petroleum, coal, chemical, & associated product",2,total,D0201.02,75,Number of businesses,1 and 2 and 3 and 6
Business experienced as a result of climate change and associated policies and regulations in last 2 years: Reduced demand for products and / or services: a little,Non-metallic mineral product,2,total,D0201.02,36,Number of businesses,1 and 2 and 3 and 6
Business experienced as a result of climate change and associated policies and regulations in last 2 years: Reduced demand for products and / or services: a little,Metal product,2,total,D0201.02,105,Number of businesses,1 and 2 and 3 and 6
Business experienced as a result of climate change and associated policies and regulations in last 2 years: Reduced demand for products and / or services: a little,Transport and industrial machinery & equipment,2,total,D0201.02,93,Number of businesses,1 and 2 and 3 and 6
Business experienced as a result of climate change and associated policies and regulations in last 2 years: Reduced demand for products and / or services: a little,Other machinery & equipment,2,total,D0201.02,9,Number of businesses,1 and 2 and 3 and 6
Changes made in the last 2 financial years: took steps to reduce the risks to this business from the physical impacts of climate change,Other machinery & equipment,2,total,D0409,33,Number of businesses,1 and 2 and 3 and 6
Changes made in the last 2 financial years: took steps to reduce the risks to this business from the physical impacts of climate change,Other manufacturing,2,total,D0409,21,Number of businesses,1 and 2 and 3 and 6
Changes made in the last 2 financial years: took steps to reduce the risks to this business from the physical impacts of climate change,"Electricity, gas, water, & waste services",1,total,D0409,51,Number of businesses,1 and 2 and 3 and 5 and 6
Changes made in the last 2 financial years: took steps to reduce the risks to this business from the physical impacts of climate change,Construction,1,total,D0409,297,Number of businesses,1 and 2 and 3 and 6
Changes made in the last 2 financial years: took steps to reduce the risks to this business from the physical impacts of climate change,Wholesale trade,1,total,D0409,324,Number of businesses,1 and 2 and 3 and 6
Changes made in the last 2 financial years: took steps to reduce the risks to this business from the physical impacts of climate change,Machinery & equipment wholesaling,2,total,D0409,120,Number of businesses,1 and 2 and 3 and 6
Changes made in the last 2 financial years: took steps to reduce the risks to this business from the physical impacts of climate change,Other wholesale trade,2,total,D0409,201,Number of businesses,1 and 2 and 3 and 6
Changes made in the last 2 financial years: took steps to reduce the risks to this business from the physical impacts of climate change,Retail trade,1,total,D0409,654,Number of businesses,1 and 2 and 3 and 6
Changes made in the last 2 financial years: took steps to reduce the risks to this business from the physical impacts of climate change,Accommodation & food services,1,total,D0409,273,Number of businesses,1 and 2 and 3 and 6
Changes made in the last 2 financial years: took steps to reduce the risks to this business from the physical impacts of climate change,"Transport, postal, & warehousing",1,total,D0409,225,Number of businesses,1 and 2 and 3 and 6
Changes made in the last 2 financial years: took steps to reduce the risks to this business from the physical impacts of climate change,Information media & telecommunications,1,total,D0409,60,Number of businesses,1 and 2 and 3 and 6
Changes made in the last 2 financial years: took steps to reduce the risks to this business from the physical impacts of climate change,Publishing,2,total,D0409,15,Number of businesses,1 and 2 and 3 and 6
Changes made in the last 2 financial years: took steps to reduce the risks to this business from the physical impacts of climate change,Motion picture,2,total,D0409,24,Number of businesses,1 and 2 and 3 and 6
Changes made in the last 2 financial years: took steps to reduce the risks to this business from the physical impacts of climate change,Telecommunications,2,total,D0409,18,Number of businesses,1 and 2 and 3 and 6
Changes made in the last 2 financial years: took steps to reduce the risks to this business from the physical impacts of climate change,Financial & insurance services,1,total,D0409,69,Number of businesses,1 and 2 and 3 and 6
Changes made in the last 2 financial years: took steps to reduce the risks to this business from the physical impacts of climate change,Finance,2,total,D0409,30,Number of businesses,1 and 2 and 3 and 6
Changes made in the last 2 financial years: took steps to reduce the risks to this business from the physical impacts of climate change,Insurance,2,total,D0409,9,Number of businesses,1 and 2 and 3 and 6
Changes made in the last 2 financial years: took steps to reduce the risks to this business from the physical impacts of climate change,Auxiliary,2,total,D0409,33,Number of businesses,1 and 2 and 3 and 6
Changes made in the last 2 financial years: took steps to reduce the risks to this business from the physical impacts of climate change,"Rental, hiring, & real estate services",1,total,D0409,87,Number of businesses,1 and 2 and 3 and 6
Changes made in the last 2 financial years: took steps to reduce the risks to this business from the physical impacts of climate change,"Professional, scientific, & technical services",1,total,D0409,399,Number of businesses,1 and 2 and 3 and 6
Changes made in the last 2 financial years: took steps to reduce the risks to this business from the physical impacts of climate change,Computer systems design,2,total,D0409,96,Number of businesses,1 and 2 and 3 and 6
Changes made in the last 2 financial years: took steps to reduce the risks to this business from the physical impacts of climate change,Other professional scientific,2,total,D0409,309,Number of businesses,1 and 2 and 3 and 6
Changes made in the last 2 financial years: took steps to reduce the risks to this business from the physical impacts of climate change,Administrative & support services,1,total,D0409,213,Number of businesses,1 and 2 and 3 and 6
Changes made in the last 2 financial years: took steps to reduce the risks to this business from the physical impacts of climate change,Education & training,1,total,D0409,72,Number of businesses,1 and 2 and 3 and 6
Changes made in the last 2 financial years: took steps to reduce the risks to this business from the physical impacts of climate change,Health care & social assistance,1,total,D0409,372,Number of businesses,1 and 2 and 3 and 6
Changes made in the last 2 financial years: took steps to reduce the risks to this business from the physical impacts of climate change,Arts & recreation services,1,total,D0409,60,Number of businesses,1 and 2 and 3 and 6
Changes made in the last 2 financial years: took steps to reduce the risks to this business from the physical impacts of climate change,Other services,1,total,D0409,114,Number of businesses,1 and 2 and 3 and 6
Changes made in the last 2 financial years: took steps to reduce the risks to this business from the physical impacts of climate change,total,0,total,D0409,4515,Number of businesses,1 and 2 and 3 and 6
Changes made in the last 2 financial years: developed goods or services to help customers reduce their emissions,total,0,6�19 employees,D0410,1914,Number of businesses,1 and 2 and 3 and 4 and 6
Changes made in the last 2 financial years: developed goods or services to help customers reduce their emissions,total,0,20�49 employees,D0410,648,Number of businesses,1 and 2 and 3 and 4 and 6
Changes made in the last 2 financial years: developed goods or services to help customers reduce their emissions,total,0,50�99 employees,D0410,300,Number of businesses,1 and 2 and 3 and 4 and 6
Changes made in the last 2 financial years: developed goods or services to help customers reduce their emissions,total,0,100+ employees,D0410,351,Number of businesses,1 and 2 and 3 and 4 and 6
Changes made in the last 2 financial years: developed goods or services to help customers reduce their emissions,"Agriculture, forestry, & fishing",1,total,D0410,135,Number of businesses,1 and 2 and 3 and 6
Changes made in the last 2 financial years: developed goods or services to help customers reduce their emissions,Agriculture,2,total,D0410,96,Number of businesses,1 and 2 and 3 and 6
Changes made in the last 2 financial years: developed goods or services to help customers reduce their emissions,Commercial fishing,2,total,D0410,0,Number of businesses,1 and 2 and 3 and 6
Changes made in the last 2 financial years: developed goods or services to help customers reduce their emissions,Forestry & logging,2,total,D0410,9,Number of businesses,1 and 2 and 3 and 6
Changes made in the last 2 financial years: developed goods or services to help customers reduce their emissions,"Agriculture, forestry, & fishing support services",2,total,D0410,33,Number of businesses,1 and 2 and 3 and 6
Changes made in the last 2 financial years: developed goods or services to help customers reduce their emissions,Mining,1,total,D0410,6,Number of businesses,1 and 2 and 3 and 5 and 6
Changes made in the last 2 financial years: developed goods or services to help customers reduce their emissions,Manufacturing,1,total,D0410,429,Number of businesses,1 and 2 and 3 and 6
Changes made in the last 2 financial years: developed goods or services to help customers reduce their emissions,"Food, beverage, & tobacco",2,total,D0410,123,Number of businesses,1 and 2 and 3 and 6
Changes made in the last 2 financial years: developed goods or services to help customers reduce their emissions,"Textile, clothing, footwear, & leather",2,total,D0410,12,Number of businesses,1 and 2 and 3 and 6
Changes made in the last 2 financial years: developed goods or services to help customers reduce their emissions,Wood & paper product,2,total,D0410,21,Number of businesses,1 and 2 and 3 and 6
Changes made in the last 2 financial years: developed goods or services to help customers reduce their emissions,"Printing, publishing, & recorded media",2,total,D0410,18,Number of businesses,1 and 2 and 3 and 6
Changes made in the last 2 financial years: developed goods or services to help customers reduce their emissions,"Petroleum, coal, chemical, & associated product",2,total,D0410,69,Number of businesses,1 and 2 and 3 and 6
Changes made in the last 2 financial years: developed goods or services to help customers reduce their emissions,Non-metallic mineral product,2,total,D0410,24,Number of businesses,1 and 2 and 3 and 6
Changes made in the last 2 financial years: developed goods or services to help customers reduce their emissions,Metal product,2,total,D0410,75,Number of businesses,1 and 2 and 3 and 6
Changes made in the last 2 financial years: developed goods or services to help customers reduce their emissions,Transport and industrial machinery & equipment,2,total,D0410,36,Number of businesses,1 and 2 and 3 and 6
Changes made in the last 2 financial years: developed goods or services to help customers reduce their emissions,Other machinery & equipment,2,total,D0410,27,Number of businesses,1 and 2 and 3 and 6
Changes made in the last 2 financial years: developed goods or services to help customers reduce their emissions,Other manufacturing,2,total,D0410,18,Number of businesses,1 and 2 and 3 and 6
Changes made in the last 2 financial years: developed goods or services to help customers reduce their emissions,"Electricity, gas, water, & waste services",1,total,D0410,42,Number of businesses,1 and 2 and 3 and 5 and 6
Changes made in the last 2 financial years: developed goods or services to help customers reduce their emissions,Construction,1,total,D0410,300,Number of businesses,1 and 2 and 3 and 6
Changes made in the last 2 financial years: developed goods or services to help customers reduce their emissions,Wholesale trade,1,total,D0410,459,Number of businesses,1 and 2 and 3 and 6
Changes made in the last 2 financial years: developed goods or services to help customers reduce their emissions,Machinery & equipment wholesaling,2,total,D0410,129,Number of businesses,1 and 2 and 3 and 6
Changes made in the last 2 financial years: developed goods or services to help customers reduce their emissions,Other wholesale trade,2,total,D0410,327,Number of businesses,1 and 2 and 3 and 6
Changes made in the last 2 financial years: developed goods or services to help customers reduce their emissions,Retail trade,1,total,D0410,495,Number of businesses,1 and 2 and 3 and 6
Changes made in the last 2 financial years: developed goods or services to help customers reduce their emissions,Accommodation & food services,1,total,D0410,438,Number of businesses,1 and 2 and 3 and 6
Changes made in the last 2 financial years: developed goods or services to help customers reduce their emissions,"Transport, postal, & warehousing",1,total,D0410,138,Number of businesses,1 and 2 and 3 and 6
Changes made in the last 2 financial years: developed goods or services to help customers reduce their emissions,Information media & telecommunications,1,total,D0410,39,Number of businesses,1 and 2 and 3 and 6
Changes made in the last 2 financial years: developed goods or services to help customers reduce their emissions,Publishing,2,total,D0410,12,Number of businesses,1 and 2 and 3 and 6
Changes made in the last 2 financial years: developed goods or services to help customers reduce their emissions,Motion picture,2,total,D0410,9,Number of businesses,1 and 2 and 3 and 6
Changes made in the last 2 financial years: developed goods or services to help customers reduce their emissions,Telecommunications,2,total,D0410,15,Number of businesses,1 and 2 and 3 and 6
Changes made in the last 2 financial years: developed goods or services to help customers reduce their emissions,Financial & insurance services,1,total,D0410,48,Number of businesses,1 and 2 and 3 and 6
Changes made in the last 2 financial years: developed goods or services to help customers reduce their emissions,Finance,2,total,D0410,30,Number of businesses,1 and 2 and 3 and 6
Changes made in the last 2 financial years: developed goods or services to help customers reduce their emissions,Insurance,2,total,D0410,6,Number of businesses,1 and 2 and 3 and 6
Changes made in the last 2 financial years: developed goods or services to help customers reduce their emissions,Auxiliary,2,total,D0410,15,Number of businesses,1 and 2 and 3 and 6
Changes made in the last 2 financial years: developed goods or services to help customers reduce their emissions,"Rental, hiring, & real estate services",1,total,D0410,63,Number of businesses,1 and 2 and 3 and 6
Changes made in the last 2 financial years: developed goods or services to help customers reduce their emissions,"Professional, scientific, & technical services",1,total,D0410,303,Number of businesses,1 and 2 and 3 and 6
Changes made in the last 2 financial years: developed goods or services to help customers reduce their emissions,Computer systems design,2,total,D0410,51,Number of businesses,1 and 2 and 3 and 6
Changes made in the last 2 financial years: developed goods or services to help customers reduce their emissions,Other professional scientific,2,total,D0410,255,Number of businesses,1 and 2 and 3 and 6
Changes made in the last 2 financial years: developed goods or services to help customers reduce their emissions,Administrative & support services,1,total,D0410,138,Number of businesses,1 and 2 and 3 and 6
Changes made in the last 2 financial years: developed goods or services to help customers reduce their emissions,Education & training,1,total,D0410,21,Number of businesses,1 and 2 and 3 and 6
Changes made in the last 2 financial years: developed goods or services to help customers reduce their emissions,Health care & social assistance,1,total,D0410,69,Number of businesses,1 and 2 and 3 and 6
Changes made in the last 2 financial years: developed goods or services to help customers reduce their emissions,Arts & recreation services,1,total,D0410,27,Number of businesses,1 and 2 and 3 and 6
Changes made in the last 2 financial years: developed goods or services to help customers reduce their emissions,Other services,1,total,D0410,57,Number of businesses,1 and 2 and 3 and 6
Changes made in the last 2 financial years: developed goods or services to help customers reduce their emissions,total,0,total,D0410,3216,Number of businesses,1 and 2 and 3 and 6
Changes made in the last 2 financial years: none of the above,total,0,6�19 employees,D0411,20958,Number of businesses,1 and 2 and 3 and 4 and 6
Changes made in the last 2 financial years: none of the above,total,0,20�49 employees,D0411,4281,Number of businesses,1 and 2 and 3 and 4 and 6
Changes made in the last 2 financial years: none of the above,total,0,50�99 employees,D0411,936,Number of businesses,1 and 2 and 3 and 4 and 6
Changes made in the last 2 financial years: none of the above,total,0,100+ employees,D0411,513,Number of businesses,1 and 2 and 3 and 4 and 6
Changes made in the last 2 financial years: none of the above,"Agriculture, forestry, & fishing",1,total,D0411,1896,Number of businesses,1 and 2 and 3 and 6
Changes made in the last 2 financial years: none of the above,Agriculture,2,total,D0411,1011,Number of businesses,1 and 2 and 3 and 6
Changes made in the last 2 financial years: none of the above,Commercial fishing,2,total,D0411,33,Number of businesses,1 and 2 and 3 and 6
Changes made in the last 2 financial years: none of the above,Forestry & logging,2,total,D0411,138,Number of businesses,1 and 2 and 3 and 6
Changes made in the last 2 financial years: none of the above,"Agriculture, forestry, & fishing support services",2,total,D0411,714,Number of businesses,1 and 2 and 3 and 6
Changes made in the last 2 financial years: none of the above,Mining,1,total,D0411,60,Number of businesses,1 and 2 and 3 and 5 and 6
Changes made in the last 2 financial years: none of the above,Manufacturing,1,total,D0411,2634,Number of businesses,1 and 2 and 3 and 6
Changes made in the last 2 financial years: none of the above,"Food, beverage, & tobacco",2,total,D0411,471,Number of businesses,1 and 2 and 3 and 6
Changes made in the last 2 financial years: none of the above,"Textile, clothing, footwear, & leather",2,total,D0411,99,Number of businesses,1 and 2 and 3 and 6
Changes made in the last 2 financial years: none of the above,Wood & paper product,2,total,D0411,246,Number of businesses,1 and 2 and 3 and 6
Changes made in the last 2 financial years: none of the above,"Printing, publishing, & recorded media",2,total,D0411,90,Number of businesses,1 and 2 and 3 and 6
Changes made in the last 2 financial years: none of the above,"Petroleum, coal, chemical, & associated product",2,total,D0411,174,Number of businesses,1 and 2 and 3 and 6
Changes made in the last 2 financial years: none of the above,Non-metallic mineral product,2,total,D0411,105,Number of businesses,1 and 2 and 3 and 6
Changes made in the last 2 financial years: none of the above,Metal product,2,total,D0411,576,Number of businesses,1 and 2 and 3 and 6
Changes made in the last 2 financial years: none of the above,Transport and industrial machinery & equipment,2,total,D0411,564,Number of businesses,1 and 2 and 3 and 6
Changes made in the last 2 financial years: none of the above,Other machinery & equipment,2,total,D0411,120,Number of businesses,1 and 2 and 3 and 6
Changes made in the last 2 financial years: none of the above,Other manufacturing,2,total,D0411,183,Number of businesses,1 and 2 and 3 and 6
Changes made in the last 2 financial years: none of the above,"Electricity, gas, water, & waste services",1,total,D0411,75,Number of businesses,1 and 2 and 3 and 5 and 6
Changes made in the last 2 financial years: none of the above,Construction,1,total,D0411,4743,Number of businesses,1 and 2 and 3 and 6
Changes made in the last 2 financial years: none of the above,Wholesale trade,1,total,D0411,1551,Number of businesses,1 and 2 and 3 and 6
Changes made in the last 2 financial years: none of the above,Machinery & equipment wholesaling,2,total,D0411,429,Number of businesses,1 and 2 and 3 and 6
Changes made in the last 2 financial years: none of the above,Other wholesale trade,2,total,D0411,1119,Number of businesses,1 and 2 and 3 and 6
Changes made in the last 2 financial years: none of the above,Retail trade,1,total,D0411,2622,Number of businesses,1 and 2 and 3 and 6
Changes made in the last 2 financial years: none of the above,Accommodation & food services,1,total,D0411,4128,Number of businesses,1 and 2 and 3 and 6
Changes made in the last 2 financial years: none of the above,"Transport, postal, & warehousing",1,total,D0411,852,Number of businesses,1 and 2 and 3 and 6
Changes made in the last 2 financial years: none of the above,Information media & telecommunications,1,total,D0411,153,Number of businesses,1 and 2 and 3 and 6
Changes made in the last 2 financial years: none of the above,Publishing,2,total,D0411,60,Number of businesses,1 and 2 and 3 and 6
Changes made in the last 2 financial years: none of the above,Motion picture,2,total,D0411,48,Number of businesses,1 and 2 and 3 and 6
Changes made in the last 2 financial years: none of the above,Telecommunications,2,total,D0411,45,Number of businesses,1 and 2 and 3 and 6
Changes made in the last 2 financial years: none of the above,Financial & insurance services,1,total,D0411,378,Number of businesses,1 and 2 and 3 and 6
Changes made in the last 2 financial years: none of the above,Finance,2,total,D0411,99,Number of businesses,1 and 2 and 3 and 6
Changes made in the last 2 financial years: none of the above,Insurance,2,total,D0411,12,Number of businesses,1 and 2 and 3 and 6
Changes made in the last 2 financial years: none of the above,Auxiliary,2,total,D0411,267,Number of businesses,1 and 2 and 3 and 6
Changes made in the last 2 financial years: none of the above,"Rental, hiring, & real estate services",1,total,D0411,510,Number of businesses,1 and 2 and 3 and 6
Changes made in the last 2 financial years: none of the above,"Professional, scientific, & technical services",1,total,D0411,2685,Number of businesses,1 and 2 and 3 and 6
Changes made in the last 2 financial years: none of the above,Computer systems design,2,total,D0411,540,Number of businesses,1 and 2 and 3 and 6
Changes made in the last 2 financial years: none of the above,Other professional scientific,2,total,D0411,2148,Number of businesses,1 and 2 and 3 and 6
Changes made in the last 2 financial years: none of the above,Administrative & support services,1,total,D0411,954,Number of businesses,1 and 2 and 3 and 6
Changes made in the last 2 financial years: none of the above,Education & training,1,total,D0411,606,Number of businesses,1 and 2 and 3 and 6
Changes made in the last 2 financial years: none of the above,Health care & social assistance,1,total,D0411,1527,Number of businesses,1 and 2 and 3 and 6
Changes made in the last 2 financial years: none of the above,Arts & recreation services,1,total,D0411,321,Number of businesses,1 and 2 and 3 and 6
Changes made in the last 2 financial years: none of the above,Other services,1,total,D0411,990,Number of businesses,1 and 2 and 3 and 6
Changes made in the last 2 financial years: none of the above,total,0,total,D0411,26688,Number of businesses,1 and 2 and 3 and 6
"To do things in D04, how important was: demand from customer: not important",total,0,6�19 employees,D0501.01,4083,Number of businesses,1 and 2 and 3 and 4 and 6
"To do things in D04, how important was: demand from customer: not important",total,0,20�49 employees,D0501.01,1332,Number of businesses,1 and 2 and 3 and 4 and 6
"To do things in D04, how important was: demand from customer: not important",total,0,50�99 employees,D0501.01,354,Number of businesses,1 and 2 and 3 and 4 and 6
"To do things in D04, how important was: demand from customer: not important",total,0,100+ employees,D0501.01,276,Number of businesses,1 and 2 and 3 and 4 and 6
"To do things in D04, how important was: demand from customer: not important","Agriculture, forestry, & fishing",1,total,D0501.01,387,Number of businesses,1 and 2 and 3 and 6
"To do things in D04, how important was: demand from customer: not important",Agriculture,2,total,D0501.01,270,Number of businesses,1 and 2 and 3 and 6
"To do things in D04, how important was: demand from customer: not important",Commercial fishing,2,total,D0501.01,9,Number of businesses,1 and 2 and 3 and 6
"To do things in D04, how important was: demand from customer: not important",Forestry & logging,2,total,D0501.01,33,Number of businesses,1 and 2 and 3 and 6
"To do things in D04, how important was: demand from customer: not important","Agriculture, forestry, & fishing support services",2,total,D0501.01,78,Number of businesses,1 and 2 and 3 and 6
"To do things in D04, how important was: demand from customer: not important",Mining,1,total,D0501.01,21,Number of businesses,1 and 2 and 3 and 5 and 6
"To do things in D04, how important was: demand from customer: not important",Manufacturing,1,total,D0501.01,870,Number of businesses,1 and 2 and 3 and 6
"To do things in D04, how important was: demand from customer: not important","Food, beverage, & tobacco",2,total,D0501.01,216,Number of businesses,1 and 2 and 3 and 6
"To do things in D04, how important was: demand from customer: not important","Textile, clothing, footwear, & leather",2,total,D0501.01,36,Number of businesses,1 and 2 and 3 and 6
"To do things in D04, how important was: demand from customer: not important",Wood & paper product,2,total,D0501.01,147,Number of businesses,1 and 2 and 3 and 6
"To do things in D04, how important was: demand from customer: not important","Printing, publishing, & recorded media",2,total,D0501.01,12,Number of businesses,1 and 2 and 3 and 6
"To do things in D04, how important was: demand from customer: not important","Petroleum, coal, chemical, & associated product",2,total,D0501.01,54,Number of businesses,1 and 2 and 3 and 6
"To do things in D04, how important was: demand from customer: not important",Non-metallic mineral product,2,total,D0501.01,24,Number of businesses,1 and 2 and 3 and 6
"To do things in D04, how important was: demand from customer: not important",Metal product,2,total,D0501.01,135,Number of businesses,1 and 2 and 3 and 6
"To do things in D04, how important was: demand from customer: not important",Transport and industrial machinery & equipment,2,total,D0501.01,141,Number of businesses,1 and 2 and 3 and 6
"To do things in D04, how important was: demand from customer: not important",Other machinery & equipment,2,total,D0501.01,24,Number of businesses,1 and 2 and 3 and 6
"To do things in D04, how important was: demand from customer: not important",Other manufacturing,2,total,D0501.01,81,Number of businesses,1 and 2 and 3 and 6
"To do things in D04, how important was: demand from customer: not important","Electricity, gas, water, & waste services",1,total,D0501.01,39,Number of businesses,1 and 2 and 3 and 5 and 6
"To do things in D04, how important was: demand from customer: not important",Construction,1,total,D0501.01,828,Number of businesses,1 and 2 and 3 and 6
"To do things in D04, how important was: demand from customer: not important",Wholesale trade,1,total,D0501.01,318,Number of businesses,1 and 2 and 3 and 6
"To do things in D04, how important was: demand from customer: not important",Machinery & equipment wholesaling,2,total,D0501.01,123,Number of businesses,1 and 2 and 3 and 6
"To do things in D04, how important was: demand from customer: not important",Other wholesale trade,2,total,D0501.01,195,Number of businesses,1 and 2 and 3 and 6
"To do things in D04, how important was: demand from customer: not important",Retail trade,1,total,D0501.01,525,Number of businesses,1 and 2 and 3 and 6
"To do things in D04, how important was: demand from customer: not important",Accommodation & food services,1,total,D0501.01,330,Number of businesses,1 and 2 and 3 and 6
"To do things in D04, how important was: demand from customer: not important","Transport, postal, & warehousing",1,total,D0501.01,132,Number of businesses,1 and 2 and 3 and 6
"To do things in D04, how important was: demand from customer: not important",Information media & telecommunications,1,total,D0501.01,75,Number of businesses,1 and 2 and 3 and 6
"To do things in D04, how important was: demand from customer: not important",Publishing,2,total,D0501.01,36,Number of businesses,1 and 2 and 3 and 6
"To do things in D04, how important was: demand from customer: not important",Motion picture,2,total,D0501.01,18,Number of businesses,1 and 2 and 3 and 6
"To do things in D04, how important was: demand from customer: not important",Telecommunications,2,total,D0501.01,18,Number of businesses,1 and 2 and 3 and 6
"To do things in D04, how important was: demand from customer: not important",Financial & insurance services,1,total,D0501.01,96,Number of businesses,1 and 2 and 3 and 6
"To do things in D04, how important was: demand from customer: not important",Finance,2,total,D0501.01,30,Number of businesses,1 and 2 and 3 and 6
"To do things in D04, how important was: demand from customer: not important",Insurance,2,total,D0501.01,6,Number of businesses,1 and 2 and 3 and 6
"To do things in D04, how important was: demand from customer: not important",Auxiliary,2,total,D0501.01,60,Number of businesses,1 and 2 and 3 and 6
"To do things in D04, how important was: demand from customer: not important","Rental, hiring, & real estate services",1,total,D0501.01,171,Number of businesses,1 and 2 and 3 and 6
"To do things in D04, how important was: demand from customer: not important","Professional, scientific, & technical services",1,total,D0501.01,1116,Number of businesses,1 and 2 and 3 and 6
"To do things in D04, how important was: demand from customer: not important",Computer systems design,2,total,D0501.01,204,Number of businesses,1 and 2 and 3 and 6
"To do things in D04, how important was: demand from customer: not important",Other professional scientific,2,total,D0501.01,915,Number of businesses,1 and 2 and 3 and 6
"To do things in D04, how important was: demand from customer: not important",Administrative & support services,1,total,D0501.01,261,Number of businesses,1 and 2 and 3 and 6
"To do things in D04, how important was: demand from customer: not important",Education & training,1,total,D0501.01,195,Number of businesses,1 and 2 and 3 and 6
"To do things in D04, how important was: demand from customer: not important",Health care & social assistance,1,total,D0501.01,528,Number of businesses,1 and 2 and 3 and 6
"To do things in D04, how important was: demand from customer: not important",Arts & recreation services,1,total,D0501.01,57,Number of businesses,1 and 2 and 3 and 6
"To do things in D04, how important was: demand from customer: not important",Other services,1,total,D0501.01,93,Number of businesses,1 and 2 and 3 and 6
"To do things in D04, how important was: demand from customer: not important",total,0,total,D0501.01,6045,Number of businesses,1 and 2 and 3 and 6
"To do things in D04, how important was: demand from customer: moderately important",total,0,6�19 employees,D0501.02,4716,Number of businesses,1 and 2 and 3 and 4 and 6
"To do things in D04, how important was: demand from customer: moderately important",total,0,20�49 employees,D0501.02,1248,Number of businesses,1 and 2 and 3 and 4 and 6
"To do things in D04, how important was: demand from customer: moderately important",total,0,50�99 employees,D0501.02,576,Number of businesses,1 and 2 and 3 and 4 and 6
"To do things in D04, how important was: demand from customer: moderately important",total,0,100+ employees,D0501.02,597,Number of businesses,1 and 2 and 3 and 4 and 6
"To do things in D04, how important was: demand from customer: moderately important","Agriculture, forestry, & fishing",1,total,D0501.02,690,Number of businesses,1 and 2 and 3 and 6
"To do things in D04, how important was: demand from customer: moderately important",Agriculture,2,total,D0501.02,549,Number of businesses,1 and 2 and 3 and 6
"To do things in D04, how important was: demand from customer: moderately important",Commercial fishing,2,total,D0501.02,9,Number of businesses,1 and 2 and 3 and 6
"To do things in D04, how important was: demand from customer: moderately important",Forestry & logging,2,total,D0501.02,45,Number of businesses,1 and 2 and 3 and 6
"To do things in D04, how important was: demand from customer: moderately important","Agriculture, forestry, & fishing support services",2,total,D0501.02,90,Number of businesses,1 and 2 and 3 and 6
"To do things in D04, how important was: demand from customer: moderately important",Mining,1,total,D0501.02,18,Number of businesses,1 and 2 and 3 and 5 and 6
"To do things in D04, how important was: demand from customer: moderately important",Manufacturing,1,total,D0501.02,807,Number of businesses,1 and 2 and 3 and 6
"To do things in D04, how important was: demand from customer: moderately important","Food, beverage, & tobacco",2,total,D0501.02,195,Number of businesses,1 and 2 and 3 and 6
"To do things in D04, how important was: demand from customer: moderately important","Textile, clothing, footwear, & leather",2,total,D0501.02,57,Number of businesses,1 and 2 and 3 and 6
"To do things in D04, how important was: demand from customer: moderately important",Wood & paper product,2,total,D0501.02,42,Number of businesses,1 and 2 and 3 and 6
"To do things in D04, how important was: demand from customer: moderately important","Printing, publishing, & recorded media",2,total,D0501.02,57,Number of businesses,1 and 2 and 3 and 6
"To do things in D04, how important was: demand from customer: moderately important","Petroleum, coal, chemical, & associated product",2,total,D0501.02,120,Number of businesses,1 and 2 and 3 and 6
"To do things in D04, how important was: demand from customer: moderately important",Non-metallic mineral product,2,total,D0501.02,36,Number of businesses,1 and 2 and 3 and 6
"To do things in D04, how important was: demand from customer: moderately important",Metal product,2,total,D0501.02,102,Number of businesses,1 and 2 and 3 and 6
"To do things in D04, how important was: demand from customer: moderately important",Transport and industrial machinery & equipment,2,total,D0501.02,111,Number of businesses,1 and 2 and 3 and 6
"To do things in D04, how important was: demand from customer: moderately important",Other machinery & equipment,2,total,D0501.02,42,Number of businesses,1 and 2 and 3 and 6
"To do things in D04, how important was: demand from customer: moderately important",Other manufacturing,2,total,D0501.02,42,Number of businesses,1 and 2 and 3 and 6
"To do things in D04, how important was: demand from customer: moderately important","Electricity, gas, water, & waste services",1,total,D0501.02,39,Number of businesses,1 and 2 and 3 and 5 and 6
"To do things in D04, how important was: demand from customer: moderately important",Construction,1,total,D0501.02,852,Number of businesses,1 and 2 and 3 and 6
"To do things in D04, how important was: demand from customer: moderately important",Wholesale trade,1,total,D0501.02,576,Number of businesses,1 and 2 and 3 and 6
"To do things in D04, how important was: demand from customer: moderately important",Machinery & equipment wholesaling,2,total,D0501.02,177,Number of businesses,1 and 2 and 3 and 6
"To do things in D04, how important was: demand from customer: moderately important",Other wholesale trade,2,total,D0501.02,396,Number of businesses,1 and 2 and 3 and 6
"To do things in D04, how important was: demand from customer: moderately important",Retail trade,1,total,D0501.02,882,Number of businesses,1 and 2 and 3 and 6
"To do things in D04, how important was: demand from customer: moderately important",Accommodation & food services,1,total,D0501.02,1125,Number of businesses,1 and 2 and 3 and 6
"To do things in D04, how important was: demand from customer: moderately important","Transport, postal, & warehousing",1,total,D0501.02,225,Number of businesses,1 and 2 and 3 and 6
"To do things in D04, how important was: demand from customer: moderately important",Information media & telecommunications,1,total,D0501.02,117,Number of businesses,1 and 2 and 3 and 6
"To do things in D04, how important was: demand from customer: moderately important",Publishing,2,total,D0501.02,48,Number of businesses,1 and 2 and 3 and 6
"To do things in D04, how important was: demand from customer: moderately important",Motion picture,2,total,D0501.02,42,Number of businesses,1 and 2 and 3 and 6
"To do things in D04, how important was: demand from customer: moderately important",Telecommunications,2,total,D0501.02,24,Number of businesses,1 and 2 and 3 and 6
"To do things in D04, how important was: demand from customer: moderately important",Financial & insurance services,1,total,D0501.02,93,Number of businesses,1 and 2 and 3 and 6
"To do things in D04, how important was: demand from customer: moderately important",Finance,2,total,D0501.02,27,Number of businesses,1 and 2 and 3 and 6
"To do things in D04, how important was: demand from customer: moderately important",Insurance,2,total,D0501.02,6,Number of businesses,1 and 2 and 3 and 6
"To do things in D04, how important was: demand from customer: moderately important",Auxiliary,2,total,D0501.02,63,Number of businesses,1 and 2 and 3 and 6
"To do things in D04, how important was: demand from customer: moderately important","Rental, hiring, & real estate services",1,total,D0501.02,90,Number of businesses,1 and 2 and 3 and 6
"To do things in D04, how important was: demand from customer: moderately important","Professional, scientific, & technical services",1,total,D0501.02,582,Number of businesses,1 and 2 and 3 and 6
"To do things in D04, how important was: demand from customer: moderately important",Computer systems design,2,total,D0501.02,69,Number of businesses,1 and 2 and 3 and 6
"To do things in D04, how important was: demand from customer: moderately important",Other professional scientific,2,total,D0501.02,513,Number of businesses,1 and 2 and 3 and 6
"To do things in D04, how important was: demand from customer: moderately important",Administrative & support services,1,total,D0501.02,258,Number of businesses,1 and 2 and 3 and 6
"To do things in D04, how important was: demand from customer: moderately important",Education & training,1,total,D0501.02,135,Number of businesses,1 and 2 and 3 and 6
"To do things in D04, how important was: demand from customer: moderately important",Health care & social assistance,1,total,D0501.02,462,Number of businesses,1 and 2 and 3 and 6
"To do things in D04, how important was: demand from customer: moderately important",Arts & recreation services,1,total,D0501.02,60,Number of businesses,1 and 2 and 3 and 6
"To do things in D04, how important was: demand from customer: moderately important",Other services,1,total,D0501.02,120,Number of businesses,1 and 2 and 3 and 6
"To do things in D04, how important was: demand from customer: moderately important",total,0,total,D0501.02,7137,Number of businesses,1 and 2 and 3 and 6
"To do things in D04, how important was: demand from customer: very important",total,0,6�19 employees,D0501.03,4197,Number of businesses,1 and 2 and 3 and 4 and 6
"To do things in D04, how important was: demand from customer: very important",total,0,20�49 employees,D0501.03,1470,Number of businesses,1 and 2 and 3 and 4 and 6
"To do things in D04, how important was: demand from customer: very important",total,0,50�99 employees,D0501.03,561,Number of businesses,1 and 2 and 3 and 4 and 6
"To do things in D04, how important was: demand from customer: very important",total,0,100+ employees,D0501.03,585,Number of businesses,1 and 2 and 3 and 4 and 6
"To do things in D04, how important was: demand from customer: very important","Agriculture, forestry, & fishing",1,total,D0501.03,558,Number of businesses,1 and 2 and 3 and 6
"To do things in D04, how important was: demand from customer: very important",Agriculture,2,total,D0501.03,447,Number of businesses,1 and 2 and 3 and 6
"To do things in D04, how important was: demand from customer: very important",Commercial fishing,2,total,D0501.03,6,Number of businesses,1 and 2 and 3 and 6
"To do things in D04, how important was: demand from customer: very important",Forestry & logging,2,total,D0501.03,30,Number of businesses,1 and 2 and 3 and 6
"To do things in D04, how important was: demand from customer: very important","Agriculture, forestry, & fishing support services",2,total,D0501.03,78,Number of businesses,1 and 2 and 3 and 6
"To do things in D04, how important was: demand from customer: very important",Mining,1,total,D0501.03,18,Number of businesses,1 and 2 and 3 and 5 and 6
"To do things in D04, how important was: demand from customer: very important",Manufacturing,1,total,D0501.03,882,Number of businesses,1 and 2 and 3 and 6
"To do things in D04, how important was: demand from customer: very important","Food, beverage, & tobacco",2,total,D0501.03,318,Number of businesses,1 and 2 and 3 and 6
"To do things in D04, how important was: demand from customer: very important","Textile, clothing, footwear, & leather",2,total,D0501.03,33,Number of businesses,1 and 2 and 3 and 6
"To do things in D04, how important was: demand from customer: very important",Wood & paper product,2,total,D0501.03,66,Number of businesses,1 and 2 and 3 and 6
"To do things in D04, how important was: demand from customer: very important","Printing, publishing, & recorded media",2,total,D0501.03,33,Number of businesses,1 and 2 and 3 and 6
"To do things in D04, how important was: demand from customer: very important","Petroleum, coal, chemical, & associated product",2,total,D0501.03,75,Number of businesses,1 and 2 and 3 and 6
"To do things in D04, how important was: demand from customer: very important",Non-metallic mineral product,2,total,D0501.03,27,Number of businesses,1 and 2 and 3 and 6
"To do things in D04, how important was: demand from customer: very important",Metal product,2,total,D0501.03,165,Number of businesses,1 and 2 and 3 and 6
"To do things in D04, how important was: demand from customer: very important",Transport and industrial machinery & equipment,2,total,D0501.03,84,Number of businesses,1 and 2 and 3 and 6
"To do things in D04, how important was: demand from customer: very important",Other machinery & equipment,2,total,D0501.03,39,Number of businesses,1 and 2 and 3 and 6
"To do things in D04, how important was: demand from customer: very important",Other manufacturing,2,total,D0501.03,42,Number of businesses,1 and 2 and 3 and 6
"To do things in D04, how important was: demand from customer: very important","Electricity, gas, water, & waste services",1,total,D0501.03,51,Number of businesses,1 and 2 and 3 and 5 and 6
"To do things in D04, how important was: demand from customer: very important",Construction,1,total,D0501.03,606,Number of businesses,1 and 2 and 3 and 6
"To do things in D04, how important was: demand from customer: very important",Wholesale trade,1,total,D0501.03,597,Number of businesses,1 and 2 and 3 and 6
"To do things in D04, how important was: demand from customer: very important",Machinery & equipment wholesaling,2,total,D0501.03,147,Number of businesses,1 and 2 and 3 and 6
"To do things in D04, how important was: demand from customer: very important",Other wholesale trade,2,total,D0501.03,450,Number of businesses,1 and 2 and 3 and 6
"To do things in D04, how important was: demand from customer: very important",Retail trade,1,total,D0501.03,888,Number of businesses,1 and 2 and 3 and 6
"To do things in D04, how important was: demand from customer: very important",Accommodation & food services,1,total,D0501.03,960,Number of businesses,1 and 2 and 3 and 6
"To do things in D04, how important was: demand from customer: very important","Transport, postal, & warehousing",1,total,D0501.03,360,Number of businesses,1 and 2 and 3 and 6
"To do things in D04, how important was: demand from customer: very important",Information media & telecommunications,1,total,D0501.03,84,Number of businesses,1 and 2 and 3 and 6
"To do things in D04, how important was: demand from customer: very important",Publishing,2,total,D0501.03,33,Number of businesses,1 and 2 and 3 and 6
"To do things in D04, how important was: demand from customer: very important",Motion picture,2,total,D0501.03,24,Number of businesses,1 and 2 and 3 and 6
"To do things in D04, how important was: demand from customer: very important",Telecommunications,2,total,D0501.03,24,Number of businesses,1 and 2 and 3 and 6
"To do things in D04, how important was: demand from customer: very important",Financial & insurance services,1,total,D0501.03,93,Number of businesses,1 and 2 and 3 and 6
"To do things in D04, how important was: demand from customer: very important",Finance,2,total,D0501.03,36,Number of businesses,1 and 2 and 3 and 6
"To do things in D04, how important was: demand from customer: very important",Insurance,2,total,D0501.03,9,Number of businesses,1 and 2 and 3 and 6
"To do things in D04, how important was: demand from customer: very important",Auxiliary,2,total,D0501.03,48,Number of businesses,1 and 2 and 3 and 6
"To do things in D04, how important was: demand from customer: very important","Rental, hiring, & real estate services",1,total,D0501.03,219,Number of businesses,1 and 2 and 3 and 6
"To do things in D04, how important was: demand from customer: very important","Professional, scientific, & technical services",1,total,D0501.03,573,Number of businesses,1 and 2 and 3 and 6
"To do things in D04, how important was: demand from customer: very important",Computer systems design,2,total,D0501.03,96,Number of businesses,1 and 2 and 3 and 6
"To do things in D04, how important was: demand from customer: very important",Other professional scientific,2,total,D0501.03,477,Number of businesses,1 and 2 and 3 and 6
"To do things in D04, how important was: demand from customer: very important",Administrative & support services,1,total,D0501.03,285,Number of businesses,1 and 2 and 3 and 6
"To do things in D04, how important was: demand from customer: very important",Education & training,1,total,D0501.03,138,Number of businesses,1 and 2 and 3 and 6
"To do things in D04, how important was: demand from customer: very important",Health care & social assistance,1,total,D0501.03,234,Number of businesses,1 and 2 and 3 and 6
"To do things in D04, how important was: demand from customer: very important",Arts & recreation services,1,total,D0501.03,111,Number of businesses,1 and 2 and 3 and 6
"To do things in D04, how important was: demand from customer: very important",Other services,1,total,D0501.03,150,Number of businesses,1 and 2 and 3 and 6
"To do things in D04, how important was: demand from customer: very important",total,0,total,D0501.03,6813,Number of businesses,1 and 2 and 3 and 6
"To do things in D04, how important was: demand from customer: don't know",total,0,6�19 employees,D0501.04,828,Number of businesses,1 and 2 and 3 and 4 and 6
"To do things in D04, how important was: demand from customer: don't know",total,0,20�49 employees,D0501.04,264,Number of businesses,1 and 2 and 3 and 4 and 6
"To do things in D04, how important was: demand from customer: don't know",total,0,50�99 employees,D0501.04,69,Number of businesses,1 and 2 and 3 and 4 and 6
"To do things in D04, how important was: demand from customer: don't know",total,0,100+ employees,D0501.04,96,Number of businesses,1 and 2 and 3 and 4 and 6
"To do things in D04, how important was: demand from customer: don't know","Agriculture, forestry, & fishing",1,total,D0501.04,75,Number of businesses,1 and 2 and 3 and 6
"To do things in D04, how important was: demand from customer: don't know",Agriculture,2,total,D0501.04,63,Number of businesses,1 and 2 and 3 and 6
"To do things in D04, how important was: demand from customer: don't know",Commercial fishing,2,total,D0501.04,0,Number of businesses,1 and 2 and 3 and 6
"To do things in D04, how important was: demand from customer: don't know",Forestry & logging,2,total,D0501.04,6,Number of businesses,1 and 2 and 3 and 6
"To do things in D04, how important was: demand from customer: don't know","Agriculture, forestry, & fishing support services",2,total,D0501.04,6,Number of businesses,1 and 2 and 3 and 6
"To do things in D04, how important was: demand from customer: don't know",Mining,1,total,D0501.04,3,Number of businesses,1 and 2 and 3 and 5 and 6
"To do things in D04, how important was: demand from customer: don't know",Manufacturing,1,total,D0501.04,135,Number of businesses,1 and 2 and 3 and 6
"To do things in D04, how important was: demand from customer: don't know","Food, beverage, & tobacco",2,total,D0501.04,18,Number of businesses,1 and 2 and 3 and 6
"To do things in D04, how important was: demand from customer: don't know","Textile, clothing, footwear, & leather",2,total,D0501.04,12,Number of businesses,1 and 2 and 3 and 6
"To do things in D04, how important was: demand from customer: don't know",Wood & paper product,2,total,D0501.04,15,Number of businesses,1 and 2 and 3 and 6
"To do things in D04, how important was: demand from customer: don't know","Printing, publishing, & recorded media",2,total,D0501.04,3,Number of businesses,1 and 2 and 3 and 6
"To do things in D04, how important was: demand from customer: don't know","Petroleum, coal, chemical, & associated product",2,total,D0501.04,24,Number of businesses,1 and 2 and 3 and 6
"To do things in D04, how important was: demand from customer: don't know",Non-metallic mineral product,2,total,D0501.04,15,Number of businesses,1 and 2 and 3 and 6
"To do things in D04, how important was: demand from customer: don't know",Metal product,2,total,D0501.04,9,Number of businesses,1 and 2 and 3 and 6
"To do things in D04, how important was: demand from customer: don't know",Transport and industrial machinery & equipment,2,total,D0501.04,18,Number of businesses,1 and 2 and 3 and 6
"To do things in D04, how important was: demand from customer: don't know",Other machinery & equipment,2,total,D0501.04,9,Number of businesses,1 and 2 and 3 and 6
"To do things in D04, how important was: demand from customer: don't know",Other manufacturing,2,total,D0501.04,9,Number of businesses,1 and 2 and 3 and 6
"To do things in D04, how important was: demand from customer: don't know","Electricity, gas, water, & waste services",1,total,D0501.04,3,Number of businesses,1 and 2 and 3 and 5 and 6
"To do things in D04, how important was: demand from customer: don't know",Construction,1,total,D0501.04,258,Number of businesses,1 and 2 and 3 and 6
"To do things in D04, how important was: demand from customer: don't know",Wholesale trade,1,total,D0501.04,117,Number of businesses,1 and 2 and 3 and 6
"To do things in D04, how important was: demand from customer: don't know",Machinery & equipment wholesaling,2,total,D0501.04,51,Number of businesses,1 and 2 and 3 and 6
"To do things in D04, how important was: demand from customer: don't know",Other wholesale trade,2,total,D0501.04,66,Number of businesses,1 and 2 and 3 and 6
"To do things in D04, how important was: demand from customer: don't know",Retail trade,1,total,D0501.04,78,Number of businesses,1 and 2 and 3 and 6
"To do things in D04, how important was: demand from customer: don't know",Accommodation & food services,1,total,D0501.04,33,Number of businesses,1 and 2 and 3 and 6
"To do things in D04, how important was: demand from customer: don't know","Transport, postal, & warehousing",1,total,D0501.04,69,Number of businesses,1 and 2 and 3 and 6
"To do things in D04, how important was: demand from customer: don't know",Information media & telecommunications,1,total,D0501.04,12,Number of businesses,1 and 2 and 3 and 6
"To do things in D04, how important was: demand from customer: don't know",Publishing,2,total,D0501.04,0,Number of businesses,1 and 2 and 3 and 6
"To do things in D04, how important was: demand from customer: don't know",Motion picture,2,total,D0501.04,6,Number of businesses,1 and 2 and 3 and 6
"To do things in D04, how important was: demand from customer: don't know",Telecommunications,2,total,D0501.04,3,Number of businesses,1 and 2 and 3 and 6
"To do things in D04, how important was: demand from customer: don't know",Financial & insurance services,1,total,D0501.04,21,Number of businesses,1 and 2 and 3 and 6
"To do things in D04, how important was: demand from customer: don't know",Finance,2,total,D0501.04,12,Number of businesses,1 and 2 and 3 and 6
"To do things in D04, how important was: demand from customer: don't know",Insurance,2,total,D0501.04,3,Number of businesses,1 and 2 and 3 and 6
"To do things in D04, how important was: demand from customer: don't know",Auxiliary,2,total,D0501.04,9,Number of businesses,1 and 2 and 3 and 6
"To do things in D04, how important was: demand from customer: don't know","Rental, hiring, & real estate services",1,total,D0501.04,33,Number of businesses,1 and 2 and 3 and 6
"To do things in D04, how important was: demand from customer: don't know","Professional, scientific, & technical services",1,total,D0501.04,174,Number of businesses,1 and 2 and 3 and 6
"To do things in D04, how important was: demand from customer: don't know",Computer systems design,2,total,D0501.04,72,Number of businesses,1 and 2 and 3 and 6
"To do things in D04, how important was: demand from customer: don't know",Other professional scientific,2,total,D0501.04,105,Number of businesses,1 and 2 and 3 and 6
"To do things in D04, how important was: demand from customer: don't know",Administrative & support services,1,total,D0501.04,54,Number of businesses,1 and 2 and 3 and 6
"To do things in D04, how important was: demand from customer: don't know",Education & training,1,total,D0501.04,27,Number of businesses,1 and 2 and 3 and 6
"To do things in D04, how important was: demand from customer: don't know",Health care & social assistance,1,total,D0501.04,135,Number of businesses,1 and 2 and 3 and 6
"To do things in D04, how important was: demand from customer: don't know",Arts & recreation services,1,total,D0501.04,0,Number of businesses,1 and 2 and 3 and 6
"To do things in D04, how important was: demand from customer: don't know",Other services,1,total,D0501.04,24,Number of businesses,1 and 2 and 3 and 6
"To do things in D04, how important was: demand from customer: don't know",total,0,total,D0501.04,1257,Number of businesses,1 and 2 and 3 and 6
"To do things in D04, how important was: improving the reputation of this business: not important",total,0,6�19 employees,D0502.01,2502,Number of businesses,1 and 2 and 3 and 4 and 6
"To do things in D04, how important was: improving the reputation of this business: not important",total,0,20�49 employees,D0502.01,714,Number of businesses,1 and 2 and 3 and 4 and 6
"To do things in D04, how important was: improving the reputation of this business: not important",total,0,50�99 employees,D0502.01,165,Number of businesses,1 and 2 and 3 and 4 and 6
"To do things in D04, how important was: improving the reputation of this business: not important",total,0,100+ employees,D0502.01,93,Number of businesses,1 and 2 and 3 and 4 and 6
"To do things in D04, how important was: improving the reputation of this business: not important","Agriculture, forestry, & fishing",1,total,D0502.01,213,Number of businesses,1 and 2 and 3 and 6
"To do things in D04, how important was: improving the reputation of this business: not important",Agriculture,2,total,D0502.01,180,Number of businesses,1 and 2 and 3 and 6
"To do things in D04, how important was: improving the reputation of this business: not important",Commercial fishing,2,total,D0502.01,6,Number of businesses,1 and 2 and 3 and 6
"To do things in D04, how important was: improving the reputation of this business: not important",Forestry & logging,2,total,D0502.01,12,Number of businesses,1 and 2 and 3 and 6
"To do things in D04, how important was: improving the reputation of this business: not important","Agriculture, forestry, & fishing support services",2,total,D0502.01,18,Number of businesses,1 and 2 and 3 and 6
"To do things in D04, how important was: improving the reputation of this business: not important",Mining,1,total,D0502.01,9,Number of businesses,1 and 2 and 3 and 5 and 6
"To do things in D04, how important was: improving the reputation of this business: not important",Manufacturing,1,total,D0502.01,414,Number of businesses,1 and 2 and 3 and 6
"To do things in D04, how important was: improving the reputation of this business: not important","Food, beverage, & tobacco",2,total,D0502.01,72,Number of businesses,1 and 2 and 3 and 6
"To do things in D04, how important was: improving the reputation of this business: not important","Textile, clothing, footwear, & leather",2,total,D0502.01,21,Number of businesses,1 and 2 and 3 and 6
"To do things in D04, how important was: improving the reputation of this business: not important",Wood & paper product,2,total,D0502.01,42,Number of businesses,1 and 2 and 3 and 6
"To do things in D04, how important was: improving the reputation of this business: not important","Printing, publishing, & recorded media",2,total,D0502.01,6,Number of businesses,1 and 2 and 3 and 6
"To do things in D04, how important was: improving the reputation of this business: not important","Petroleum, coal, chemical, & associated product",2,total,D0502.01,27,Number of businesses,1 and 2 and 3 and 6
"To do things in D04, how important was: improving the reputation of this business: not important",Non-metallic mineral product,2,total,D0502.01,15,Number of businesses,1 and 2 and 3 and 6
"To do things in D04, how important was: improving the reputation of this business: not important",Metal product,2,total,D0502.01,63,Number of businesses,1 and 2 and 3 and 6
"To do things in D04, how important was: improving the reputation of this business: not important",Transport and industrial machinery & equipment,2,total,D0502.01,123,Number of businesses,1 and 2 and 3 and 6
"To do things in D04, how important was: improving the reputation of this business: not important",Other machinery & equipment,2,total,D0502.01,18,Number of businesses,1 and 2 and 3 and 6
"To do things in D04, how important was: improving the reputation of this business: not important",Other manufacturing,2,total,D0502.01,30,Number of businesses,1 and 2 and 3 and 6
"To do things in D04, how important was: improving the reputation of this business: not important","Electricity, gas, water, & waste services",1,total,D0502.01,12,Number of businesses,1 and 2 and 3 and 5 and 6
"To do things in D04, how important was: improving the reputation of this business: not important",Construction,1,total,D0502.01,345,Number of businesses,1 and 2 and 3 and 6
"To do things in D04, how important was: improving the reputation of this business: not important",Wholesale trade,1,total,D0502.01,174,Number of businesses,1 and 2 and 3 and 6
"To do things in D04, how important was: improving the reputation of this business: not important",Machinery & equipment wholesaling,2,total,D0502.01,84,Number of businesses,1 and 2 and 3 and 6
"To do things in D04, how important was: improving the reputation of this business: not important",Other wholesale trade,2,total,D0502.01,87,Number of businesses,1 and 2 and 3 and 6
"To do things in D04, how important was: improving the reputation of this business: not important",Retail trade,1,total,D0502.01,399,Number of businesses,1 and 2 and 3 and 6
"To do things in D04, how important was: improving the reputation of this business: not important",Accommodation & food services,1,total,D0502.01,207,Number of businesses,1 and 2 and 3 and 6
"To do things in D04, how important was: improving the reputation of this business: not important","Transport, postal, & warehousing",1,total,D0502.01,96,Number of businesses,1 and 2 and 3 and 6
"To do things in D04, how important was: improving the reputation of this business: not important",Information media & telecommunications,1,total,D0502.01,66,Number of businesses,1 and 2 and 3 and 6
"To do things in D04, how important was: improving the reputation of this business: not important",Publishing,2,total,D0502.01,39,Number of businesses,1 and 2 and 3 and 6
"To do things in D04, how important was: improving the reputation of this business: not important",Motion picture,2,total,D0502.01,9,Number of businesses,1 and 2 and 3 and 6
"To do things in D04, how important was: improving the reputation of this business: not important",Telecommunications,2,total,D0502.01,15,Number of businesses,1 and 2 and 3 and 6
"To do things in D04, how important was: improving the reputation of this business: not important",Financial & insurance services,1,total,D0502.01,57,Number of businesses,1 and 2 and 3 and 6
"To do things in D04, how important was: improving the reputation of this business: not important",Finance,2,total,D0502.01,15,Number of businesses,1 and 2 and 3 and 6
"To do things in D04, how important was: improving the reputation of this business: not important",Insurance,2,total,D0502.01,6,Number of businesses,1 and 2 and 3 and 6
"To do things in D04, how important was: improving the reputation of this business: not important",Auxiliary,2,total,D0502.01,39,Number of businesses,1 and 2 and 3 and 6
"To do things in D04, how important was: improving the reputation of this business: not important","Rental, hiring, & real estate services",1,total,D0502.01,66,Number of businesses,1 and 2 and 3 and 6
"To do things in D04, how important was: improving the reputation of this business: not important","Professional, scientific, & technical services",1,total,D0502.01,696,Number of businesses,1 and 2 and 3 and 6
"To do things in D04, how important was: improving the reputation of this business: not important",Computer systems design,2,total,D0502.01,102,Number of businesses,1 and 2 and 3 and 6
"To do things in D04, how important was: improving the reputation of this business: not important",Other professional scientific,2,total,D0502.01,597,Number of businesses,1 and 2 and 3 and 6
"To do things in D04, how important was: improving the reputation of this business: not important",Administrative & support services,1,total,D0502.01,138,Number of businesses,1 and 2 and 3 and 6
"To do things in D04, how important was: improving the reputation of this business: not important",Education & training,1,total,D0502.01,114,Number of businesses,1 and 2 and 3 and 6
"To do things in D04, how important was: improving the reputation of this business: not important",Health care & social assistance,1,total,D0502.01,357,Number of businesses,1 and 2 and 3 and 6
"To do things in D04, how important was: improving the reputation of this business: not important",Arts & recreation services,1,total,D0502.01,51,Number of businesses,1 and 2 and 3 and 6
